
	{
		"table": {
			"groupVal": "table",
			"data": [
				{
					"id": "d40bb083-0fc2-4e5c-8a11-ca4939e22b1a",
					"xmin": 0,
					"xmax": 0,
					"ymin": 0,
					"ymax": 0,
					"page_no": 0,
					"x1": 0,
					"y1": 0,
					"x2": 0,
					"y2": 0,
					"x3": 0,
					"y3": 0,
					"x4": 0,
					"y4": 0,
					"label": "table",
					"type": "table",
					"label_id": "",
					"ocr_text": "table",
					"cells": [
						{
							"id": "8a19386a-3aaa-4ca5-b870-14fa87812193",
							"label": "part_number",
							"row": 1,
							"col": 1,
							"xmin": 247.7963638305664,
							"xmax": 449.4151294231415,
							"ymin": 1191.6268925368786,
							"ymax": 1219.7115525603294,
							"text": "897850D120",
							"score": 98.84687042236328
						},
						{
							"id": "1d19104d-7998-4ec4-b93c-0424ee3e3fa2",
							"label": "description",
							"row": 1,
							"col": 2,
							"xmin": 547.8696918487549,
							"xmax": 988.6618065834045,
							"ymin": 1191.6479928791523,
							"ymax": 1223.7797403335571,
							"text": "TRANSMITTER, TRANSPO",
							"score": 89.2432632446289
						},
						{
							"id": "1ad762e6-5abe-4e68-9100-9a0dcc6dcd59",
							"label": "hsn_code",
							"row": 1,
							"col": 3,
							"xmin": 1268.3235502243042,
							"xmax": 1424.385633468628,
							"ymin": 1191.893884986639,
							"ymax": 1219.5309461653233,
							"text": "83012000",
							"score": 98.95209503173828
						}]
				}]
		}
	}