{
    "table": {
        "groupVal": "table",
        "data": [
            {
                "id": "d40bb083-0fc2-4e5c-8a11-ca4939e22b1a",
                "xmin": 0,
                "xmax": 0,
                "ymin": 0,
                "ymax": 0,
                "page_no": 0,
                "x1": 0,
                "y1": 0,
                "x2": 0,
                "y2": 0,
                "x3": 0,
                "y3": 0,
                "x4": 0,
                "y4": 0,
                "label": "table",
                "type": "table",
                "label_id": "",
                "ocr_text": "table",
                "cells": [
                    {
                        "id": "7011b298-e9db-4a12-8846-ce8a6b7aa326",
                        "label": "hsn_code",
                        "row": 1,
                        "col": 1,
                        "xmin": 659.1260835528374,
                        "xmax": 806.6692024469376,
                        "ymin": 1920.266854763031,
                        "ymax": 1945.7632899284363,
                        "text": "87089900",
                        "score": 98.88738250732422
                    },
                    {
                        "id": "9662930d-5d9d-4c9b-91e1-9802c9475ecd",
                        "label": "quantity_unit_price",
                        "row": 1,
                        "col": 2,
                        "xmin": 1507.7767252922058,
                        "xmax": 1606.819474697113,
                        "ymin": 1921.1525738239288,
                        "ymax": 1984.5266282558441,
                        "text": "1.00 156.60",
                        "score": 98.11563491821289
                    },
                    {
                        "id": "34afd7d2-0ed1-421d-9fb3-a9a601095457",
                        "label": "cgst_value",
                        "row": 1,
                        "col": 3,
                        "xmin": 1749.0616500377655,
                        "xmax": 1812.1563524007797,
                        "ymin": 1921.201354265213,
                        "ymax": 1984.0044021606445,
                        "text": "0.00 0.00",
                        "score": 97.78592300415039
                    },
                    {
                        "id": "e6b600b6-799e-4c8d-8a75-7c7c75fbb0a8",
                        "label": "sgst_value",
                        "row": 1,
                        "col": 4,
                        "xmin": 1955.5401384830475,
                        "xmax": 2018.6656951904297,
                        "ymin": 1921.3307797908783,
                        "ymax": 1984.1918528079987,
                        "text": "0.00 0.00",
                        "score": 96.06447982788086
                    },
                    {
                        "id": "a0c82f73-b65e-43e4-8f7b-b63878243b6b",
                        "label": "igst_value",
                        "row": 1,
                        "col": 5,
                        "xmin": 2167.439568042755,
                        "xmax": 2250.0448554754257,
                        "ymin": 1920.7025349140167,
                        "ymax": 1984.1570377349854,
                        "text": "28.00 43.85",
                        "score": 97.69886016845703
                    },
                    {
                        "id": "3f45dfff-7aa3-47e4-8217-dd9ef0f1f904",
                        "label": "part_number",
                        "row": 1,
                        "col": 5,
                        "xmin": 0,
                        "xmax": 0,
                        "ymin": 0,
                        "ymax": 0,
                        "text": "None",
                        "score": 100
                    },
                    {
                        "id": "5c749b76-b18f-4ddd-af76-4fc673c56d6d",
                        "label": "ext_mrp",
                        "row": 1,
                        "col": 6,
                        "xmin": 0,
                        "xmax": 0,
                        "ymin": 0,
                        "ymax": 0,
                        "text": "None",
                        "score": 100
                    },
                    {
                        "id": "0d0d827e-d680-44ba-bac8-3bd639adf2a5",
                        "label": "quantity",
                        "row": 1,
                        "col": 7,
                        "xmin": 0,
                        "xmax": 0,
                        "ymin": 0,
                        "ymax": 0,
                        "text": "1.00",
                        "score": 100
                    },
                    {
                        "id": "3f7f08ee-0fa4-4341-b25b-3e73e2b88fae",
                        "label": "unit_price",
                        "row": 1,
                        "col": 8,
                        "xmin": 0,
                        "xmax": 0,
                        "ymin": 0,
                        "ymax": 0,
                        "text": "156.60",
                        "score": 100
                    },
                    {
                        "id": "acf81d79-9eee-4aa6-ba69-0d91c24c644d",
                        "label": "total_tax",
                        "row": 1,
                        "col": 9,
                        "xmin": 0,
                        "xmax": 0,
                        "ymin": 0,
                        "ymax": 0,
                        "text": "28.00",
                        "score": 100
                    },
                    {
                        "id": "e4e132e7-4bdd-4527-bf58-07c49488735f",
                        "label": "hsn_code",
                        "row": 2,
                        "col": 1,
                        "xmin": 659.0747863054276,
                        "xmax": 805.4481759667397,
                        "ymin": 2074.4220972061157,
                        "ymax": 2100.3331661224365,
                        "text": "38200000",
                        "score": 98.87742614746094
                    },
                    {
                        "id": "3bb04f28-1dd9-4a8a-972d-8ccc6ec62eb8",
                        "label": "quantity_unit_price",
                        "row": 2,
                        "col": 2,
                        "xmin": 1508.0139845609665,
                        "xmax": 1606.8188667297363,
                        "ymin": 2075.0745356082916,
                        "ymax": 2138.644301891327,
                        "text": "1.00 141.52",
                        "score": 98.30137252807617
                    },
                    {
                        "id": "6cdf7bee-1612-40b6-8fc2-5d0e3e338816",
                        "label": "cgst_value",
                        "row": 2,
                        "col": 3,
                        "xmin": 1749.4048476219177,
                        "xmax": 1812.592113018036,
                        "ymin": 2075.5043148994446,
                        "ymax": 2138.698786497116,
                        "text": "0.00 0.00",
                        "score": 97.40437316894531
                    },
                    {
                        "id": "eb6dfdea-1264-4efe-bf29-71ce7b84e540",
                        "label": "sgst_value",
                        "row": 2,
                        "col": 4,
                        "xmin": 1955.7922929525375,
                        "xmax": 2018.5669004917145,
                        "ymin": 2075.5328357219696,
                        "ymax": 2138.5557889938354,
                        "text": "0.00 0.00",
                        "score": 96.90002059936523
                    },
                    {
                        "id": "f05192e3-61fd-4fc4-8ee3-ca71491afd49",
                        "label": "igst_value",
                        "row": 2,
                        "col": 5,
                        "xmin": 2167.3831790685654,
                        "xmax": 2249.774917960167,